Keyword	Avg. Monthly Searches (exact match only)
prestamos de dinero	1K – 10K
prestamos inmediatos	1K – 10K
prestamos personales online	1K – 10K
prestamos personales rapidos	1K – 10K
creditos personales	1K – 10K
prestamos urgentes	1K – 10K
prestamo rapido	1K – 10K
dinero rapido	1K – 10K
creditos rapidos online	1K – 10K
prestamo personal	1K – 10K
prestamos rapidos online	1K – 10K
minicreditos online	1K – 10K
prestamo online	1K – 10K
minicreditos rapidos	1K – 10K
prestamos online rapidos	1K – 10K
préstamos	1K – 10K
prestamos con asnef	1K – 10K
creditos rapidos con asnef	1K – 10K
creditos rapidos sin papeles	1K – 10K
prestamos rapidos con asnef	1K – 10K
microcreditos	1K – 10K
credito rapido online	1K – 10K
creditos con asnef	1K – 10K
prestamos online inmediatos	1K – 10K
credito personal	1K – 10K
creditos urgentes	1K – 10K
pedir prestamo	1K – 10K
mini prestamos	1K – 10K
créditos rápidos	1K – 10K
prestamos rapidos sin papeles	1K – 10K
dinero urgente	1K – 10K
prestamos al instante	1K – 10K
prestamistas particulares	1K – 10K
préstamos personales	1K – 10K
prestamo coche	1K – 10K
prestamos personales con asnef	1K – 10K
prestamos sin nomina	1K – 10K
creditos al instante	1K – 10K
microcreditos online	1K – 10K
mejores prestamos personales	1K – 10K
creditos sin nomina	1K – 10K
calcular prestamo personal	1K – 10K
mini creditos al instante	1K – 10K
credito inmediato	1K – 10K
prestamos sin intereses	1K – 10K
credito rapido sin documentacion	1K – 10K
prestamos rapidos sin nomina	1K – 10K
creditos rapidos sin nomina	1K – 10K
mini creditos	1K – 10K
prestamos asnef	1K – 10K
prestamos para coches	1K – 10K
prestamos entre particulares	1K – 10K
credito asnef	1K – 10K
en que invertir	1K – 10K
necesito dinero	1K – 10K
conseguir dinero	1K – 10K
calcular prestamo	1K – 10K
cofidis credito	1K – 10K
prestamos inmediatos asnef	1K – 10K
prestamos hipotecarios	1K – 10K
prestamistas	1K – 10K
prestamos rapidos	10K – 100K
prestamos personales	10K – 100K
credito	10K – 100K
prestamos online	10K – 100K
creditos rapidos	10K – 100K
prestamos	10K – 100K
credito rapido	10K – 100K
creditos online	10K – 100K
minicreditos	10K – 100K
tarjetas de credito	10K – 100K
verti seguros	10K – 100K
prestamos en linea	100 – 1K
prestamos por internet	100 – 1K
prestamos en efectivo	100 – 1K
necesito dinero urgente	100 – 1K
prestamos de dinero rapido	100 – 1K
prestamos rapidos y faciles	100 – 1K
prestamos bancarios	100 – 1K
credito ya	100 – 1K
prestamo express	100 – 1K
credito facil	100 – 1K
necesito un prestamo urgente	100 – 1K
necesito un prestamo	100 – 1K
creditos rapidos y faciles	100 – 1K
pedir un prestamo	100 – 1K
prestamos ya	100 – 1K
pedir credito	100 – 1K
mini prestamos online	100 – 1K
prestamo rapido online	100 – 1K
solicitar prestamo	100 – 1K
prestamos faciles	100 – 1K
creditos rapidos sin papeleos	100 – 1K
creditos personales rapidos	100 – 1K
mini prestamos rapidos	100 – 1K
prestamos para negocios	100 – 1K
credito rapido con asnef	100 – 1K
prestamo urgente	100 – 1K
creditos online rapidos	100 – 1K
creditos rapidos por telefono	100 – 1K
credito on line	100 – 1K
pedir prestamo personal	100 – 1K
mini creditos rapidos	100 – 1K
prestar dinero	100 – 1K
prestamos personales online rapidos	100 – 1K
prestamos faciles y rapidos	100 – 1K
prestamos rapidos sin papeleos	100 – 1K
prestamos urgentes con asnef	100 – 1K
solicitar prestamo personal	100 – 1K
creditos por internet	100 – 1K
pedir un credito	100 – 1K
credito facil y rapido	100 – 1K
como pedir un prestamo	100 – 1K
creditos online inmediatos	100 – 1K
credito bancario	100 – 1K
prestamos inmediatos online	100 – 1K
prestamos sin aval	100 – 1K
prestamos rapido	100 – 1K
prestamo de dinero urgente	100 – 1K
requisitos para pedir un prestamo	100 – 1K
prestamos urgentes online	100 – 1K
prestamos sin papeleos	100 – 1K
prestamos en 24 horas	100 – 1K
solicitar un prestamo	100 – 1K
dinero ya	100 – 1K
donde pedir un prestamo	100 – 1K
prestamo rapido sin papeleo	100 – 1K
creditos al momento	100 – 1K
prestamo personal online	100 – 1K
prestamos al momento	100 – 1K
credito 24 horas	100 – 1K
préstamo rápido	100 – 1K
pedir credito rapido	100 – 1K
solicitar prestamo online	100 – 1K
prestamos inmediatos por internet	100 – 1K
prestamistas privados	100 – 1K
minicreditos rapidos online	100 – 1K
creditos online urgentes	100 – 1K
necesito dinero rapido	100 – 1K
dinero rapido online	100 – 1K
pedir prestamo rapido	100 – 1K
solicitar credito online	100 – 1K
prestamos express	100 – 1K
prestamos personales rapidos por internet	100 – 1K
microcreditos rapidos	100 – 1K
prestamo bancario	100 – 1K
prestamo inmediato	100 – 1K
prestamo online rapido	100 – 1K
pedir prestamo online	100 – 1K
prestamos online urgentes	100 – 1K
prestamos personales on line	100 – 1K
credito express	100 – 1K
dinero urgente online	100 – 1K
créditos rápidos online	100 – 1K
prestamos online sin nomina	100 – 1K
microprestamos online	100 – 1K
credito rapidos	100 – 1K
prestamo rapido y facil	100 – 1K
pedir credito online	100 – 1K
solicitar credito rapido	100 – 1K
microcreditos rapidos online	100 – 1K
creditos faciles y rapidos	100 – 1K
prestamos rapidos sin aval	100 – 1K
dinero rapido prestamos	100 – 1K
financieras prestamos	100 – 1K
prestamos de dinero sin aval	100 – 1K
micro prestamos online	100 – 1K
pedir un prestamo personal	100 – 1K
mejor prestamo personal	100 – 1K
pedir un prestamo rapido	100 – 1K
prestamos rapidos sin aval entre particulares	100 – 1K
prestamos online rapidos sin papeleos	100 – 1K
credito urgente online	100 – 1K
prestamos rapidos on line	100 – 1K
prestamos baratos	100 – 1K
prestamos personales sin aval	100 – 1K
prestamos 24 horas	100 – 1K
dinero rapido y facil	100 – 1K
solicitar prestamos	100 – 1K
micro prestamos rapidos	100 – 1K
creditos personales online	100 – 1K
prestamos personales baratos	100 – 1K
prestamo urgente online	100 – 1K
interes prestamo personal	100 – 1K
prestamos particulares	100 – 1K
financieras prestamos personales	100 – 1K
solicitar credito	100 – 1K
creditos rapidos on line	100 – 1K
creditos y prestamos	100 – 1K
comparativa prestamos personales	100 – 1K
prestamos urgentes en efectivo	100 – 1K
comparador prestamos personales	100 – 1K
mini creditos rapidos online	100 – 1K
prestamos dinero rapido	100 – 1K
préstamos de dinero	100 – 1K
credito inmediato online	100 – 1K
prestamos financieros	100 – 1K
prestamo online inmediato	100 – 1K
pedir credito personal	100 – 1K
creditos en 24 horas	100 – 1K
prestamos sin nomina ni aval	100 – 1K
prestamistas urgentes	100 – 1K
el mejor prestamo personal	100 – 1K
miniprestamo	100 – 1K
dinero prestado	100 – 1K
credito rapido sin papeles	100 – 1K
creditos rapidos online sin papeleos	100 – 1K
pedir dinero rapido	100 – 1K
calculadora prestamos personales	100 – 1K
dinero rapido y urgente	100 – 1K
mini creditos al instante sin papeleos	100 – 1K
credito rapido online sin papeleos	100 – 1K
dinero urgente con asnef	100 – 1K
solicitar prestamo rapido	100 – 1K
creditos rapidos con asnef online	100 – 1K
creditos sin papeleos	100 – 1K
mini creditos inmediatos	100 – 1K
credito instantaneo	100 – 1K
creditos baratos	100 – 1K
calcular prestamos personales	100 – 1K
paginas de prestamos	100 – 1K
becas en españa	100 – 1K
creditos online sin nomina	100 – 1K
los mejores prestamos personales	100 – 1K
prestamos personales rapidos sin papeleos	100 – 1K
creditos sin aval	100 – 1K
mini prestamos urgentes	100 – 1K
prestamos instantaneos	100 – 1K
prestamos en 5 minutos	100 – 1K
intereses prestamos personales	100 – 1K
minicreditos rapidos sin papeleos	100 – 1K
prestamos banco	100 – 1K
mejores prestamos	100 – 1K
minicreditos rapidos con asnef	100 – 1K
creditos online inmediatos sin papeles	100 – 1K
pedir prestamo sin nomina	100 – 1K
pedir un credito personal	100 – 1K
creditos instantaneos	100 – 1K
creditos personales con asnef	100 – 1K
pedir dinero	100 – 1K
prestamo nomina	100 – 1K
creditoya	100 – 1K
prestamos con nomina	100 – 1K
pedir un credito rapido	100 – 1K
mini credito rapido	100 – 1K
dinero rapido sin papeleos	100 – 1K
dinero credito	100 – 1K
prestamos rapidos para pagar a plazos	100 – 1K
mejor credito personal	100 – 1K
prestamos personales sin nomina	100 – 1K
creditos al consumo	100 – 1K
paginas de creditos	100 – 1K
creditos online sin papeleos	100 – 1K
credito facil online	100 – 1K
prestamos y creditos	100 – 1K
prestamos al consumo	100 – 1K
mini credito online	100 – 1K
mini creditos personales	100 – 1K
minicreditos online sin papeleos	100 – 1K
credi rapido	100 – 1K
mejores creditos personales	100 – 1K
aseguradora mapfre	100 – 1K
credito prestamos	100 – 1K
credito rapido online sin papeles	100 – 1K
préstamos personales online	100 – 1K
prestamos con garantia hipotecaria	100 – 1K
prestamos en 10 minutos en tu cuenta	100 – 1K
prestamos sin aval ni nomina	100 – 1K
creditos sin nomina ni aval	100 – 1K
prestamos bajo interes	100 – 1K
mini prestamos urgentes online	100 – 1K
dinero al instante	100 – 1K
prestamos urgentes en 24 horas	100 – 1K
prestamos para estudiantes	100 – 1K
prestamos personales online sin papeleo	100 – 1K
prestamos online al instante	100 – 1K
dinero urgente sin nomina	100 – 1K
credito privado	100 – 1K
minicreditos online al momento	100 – 1K
prestamos pymes	100 – 1K
prestamos en 15 minutos	100 – 1K
creditos personales baratos	100 – 1K
prestamos urgentes sin aval	100 – 1K
creditos rapidos a plazos	100 – 1K
prestamos online sin papeleos	100 – 1K
credifacil	100 – 1K
mini creditos urgentes	100 – 1K
creditos al instante online	100 – 1K
tu credito mas rapido	100 – 1K
minicreditos nuevos online	100 – 1K
dinero urgente sin papeles	100 – 1K
credito rapido sin papeleos	100 – 1K
prestamos rapidos a plazos	100 – 1K
prestar dinero online	100 – 1K
dinero en efectivo	100 – 1K
prestamos en 10 minutos sin papeleos	100 – 1K
comparador prestamos	100 – 1K
creditos rapidos sin papeles online	100 – 1K
mini prestamo online	100 – 1K
prestamos a plazos online	100 – 1K
microcredito	100 – 1K
prestamos al instante online	100 – 1K
creditos online a plazos	100 – 1K
prestamos por telefono	100 – 1K
prestamo consumo	100 – 1K
prestamos privados	100 – 1K
minicreditos online nuevos	100 – 1K
prestamo puente	100 – 1K
prestamos personales asnef	100 – 1K
prestamos rapidos sin papeles online	100 – 1K
auditoria contable	100 – 1K
microcreditos online al instante	100 – 1K
tipos de becas	100 – 1K
creditos en 15 minutos	100 – 1K
pedir un prestamo sin nomina	100 – 1K
prestamos autonomos	100 – 1K
mini prestamos inmediatos	100 – 1K
prestamos personales urgentes	10 – 100
solicitud de prestamo	10 – 100
prestamos personales inmediatos	10 – 100
prestamos inmediatos en linea	10 – 100
como conseguir un prestamo	10 – 100
prestamos rapidos por internet	10 – 100
prestamos de dinero al instante	10 – 100
prestamos en linea inmediatos	10 – 100
solicitud de credito	10 – 100
prestamos por internet rapidos	10 – 100
prestamos en linea rapidos	10 – 100
prestamos urgentes en linea	10 – 100
prestamos rapidos en linea	10 – 100
donde puedo pedir un prestamo	10 – 100
prestamos en linea urgentes	10 – 100
como sacar un prestamo	10 – 100
prestamo rapidos	10 – 100
prestamos personales en linea	10 – 100
solicitud de prestamo personal	10 – 100
como solicitar un prestamo	10 – 100
requisitos para un prestamo personal	10 – 100
prestamos en el acto	10 – 100
prestamos con dni	10 – 100
donde puedo conseguir un prestamo	10 – 100
prestamos rapidos de dinero	10 – 100
prestamos solo con dni	10 – 100
necesito prestamo	10 – 100
credito rapido sin aval	10 – 100
necesito un préstamo	10 – 100
credito rapido y facil	10 – 100
solicitud de prestamo de dinero	10 – 100
presta internet	10 – 100
prestamos personales por internet	10 – 100
necesito prestamo urgente	10 – 100
prestamos de dinero personales	10 – 100
prestamos personales en efectivo	10 – 100
creditos en linea rapidos	10 – 100
necesito un prestamo de dinero	10 – 100
requisitos para prestamos personales	10 – 100
prestamos si	10 – 100
donde puedo solicitar un prestamo	10 – 100
como conseguir un prestamo rapido	10 – 100
prestamos de dinero por internet	10 – 100
prestamos online ya	10 – 100
como pedir un credito	10 – 100
solicitar un credito	10 – 100
solicitar un prestamo personal	10 – 100
como obtener un prestamo	10 – 100
donde puedo sacar un prestamo	10 – 100
solicitar prestamos online	10 – 100
prestamos de dinero inmediato	10 – 100
prestamo personal rapido	10 – 100
donde pedir un prestamo personal	10 – 100
rapido y facil prestamos	10 – 100
solicitar prestamos personales	10 – 100
prestamos en efectivo sin aval	10 – 100
prestamos rapidos hoy	10 – 100
prestamo de dinero facil	10 – 100
prestamos sin requisitos	10 – 100
prestamos seguros y rapidos	10 – 100
buscar prestamos rapidos	10 – 100
empresas de credito rapido	10 – 100
prestamos rapidos y seguros	10 – 100
solicitud credito	10 – 100
prestamos personales online urgentes	10 – 100
como obtener un prestamo rapido	10 – 100
creditos personales online rapidos	10 – 100
prestamos personales rapidos online	10 – 100
prestamos personales de dinero	10 – 100
creditos en el acto	10 – 100
prestamos personales rapidos y seguros	10 – 100
solicitud de prestamos personales	10 – 100
necesito un prestamo de dinero urgente	10 – 100
creditos por internet rapidos	10 – 100
credito nomina	10 – 100
creditos rapidos por internet	10 – 100
credito personal online	10 – 100
donde conseguir un prestamo	10 – 100
credito pyme	10 – 100
minicreditos online rapidos	10 – 100
prestamos de dinero online	10 – 100
creditos de dinero	10 – 100
mini creditos online rapidos	10 – 100
prestamos personales rapidos y faciles	10 – 100
prestamos inmediatos sin aval	10 – 100
dinero ya prestamos	10 – 100
solicitar prestamo personal online	10 – 100
solicitud prestamo personal	10 – 100
prestamos personales inmediatos online	10 – 100
prestamos faciles en 15 minutos	10 – 100
prestamos express online	10 – 100
financieras prestamos rapidos	10 – 100
prestamos rapidos personales	10 – 100
prestamos 100 online	10 – 100
prestamos rapidos y faciles en linea	10 – 100
prestamos pequeños inmediatos	10 – 100
préstamos en efectivo	10 – 100
prestamos economicos	10 – 100
pedir crédito	10 – 100
creditos en efectivo	10 – 100
prestamos con garantia	10 – 100
pedir prestamos online	10 – 100
pedir prestamos personales	10 – 100
prestamos rapidos por telefono	10 – 100
préstamo urgente	10 – 100
créditos rápidos faciles	10 – 100
creditos rapidos y seguros	10 – 100
creditos personales rapidos online	10 – 100
creditos con dni	10 – 100
prestamos sin garantia	10 – 100
micro prestamos inmediatos	10 – 100
prestamos para vivienda	10 – 100
prestamos con dinero	10 – 100
prestamos 24 horas online	10 – 100
pedir prestamo rapido por internet	10 – 100
creditos rapidos nuevos	10 – 100
prestamos para jubilados	10 – 100
prestamos efectivo	10 – 100
prestamos de dinero rapido en linea	10 – 100
nuevos creditos rapidos	10 – 100
solicitar credito personal	10 – 100
prestamo credito	10 – 100
prestamos de dinero rapido y facil	10 – 100
efectivo ya	10 – 100
solicitar dinero	10 – 100
creditos urgentes on line	10 – 100
empresas de creditos rapidos	10 – 100
prestamistas personales	10 – 100
pedir dinero online	10 – 100
prestamo personal rapido online	10 – 100
necesito un prestamo rapido	10 – 100
prestamos sin credito	10 – 100
dinero prestamos personales	10 – 100
presto dinero urgente	10 – 100
credito dinero	10 – 100
para pedir un prestamo	10 – 100
conseguir prestamo	10 – 100
busco prestamos dinero rapido	10 – 100
solicitar dinero rapido	10 – 100
creditos rapidos en linea	10 – 100
prestamos personales con dni	10 – 100
pedir prestamos rapidos	10 – 100
como puedo conseguir un prestamo	10 – 100
solicitar credito online urgente	10 – 100
quiero un prestamo	10 – 100
prestamos rapidos y faciles online	10 – 100
prestamos urgentes por internet	10 – 100
prestamos personales sin requisitos	10 – 100
donde puedo sacar un prestamo rapido	10 – 100
solicitar un prestamo online	10 – 100
donde conseguir un prestamo rapido	10 – 100
necesito un credito urgente	10 – 100
prestamos pequeños y rapidos	10 – 100
online credito	10 – 100
credito rapidos online	10 – 100
necesito un credito	10 – 100
creditos rapidos online sin papeles	10 – 100
prestamos pequeños rapidos	10 – 100
prestamos a jubilados	10 – 100
prestamos bancarios personales	10 – 100
como puedo sacar un prestamo	10 – 100
prestamos muy urgentes	10 – 100
creditos personales por internet	10 – 100
solicitar un credito rapido	10 – 100
creditos y prestamos rapidos	10 – 100
credi ya	10 – 100
buscar creditos rapidos	10 – 100
credito rapido web	10 – 100
rapido credito	10 – 100
creditos y rapidos	10 – 100
crédito rapido facil	10 – 100
credito personales rapidos	10 – 100
préstamo de dinero rápido	10 – 100
pedir un credito rapido por internet	10 – 100
crédito rápido 24 horas	10 – 100
prestamo personal online rapido	10 – 100
micro prestamos urgentes	10 – 100
solicitar préstamo	10 – 100
prestamos por internet rapidos y seguros	10 – 100
prestamos rapido online	10 – 100
solicitud de credito online	10 – 100
prestamo personal on line	10 – 100
solicitud prestamo online	10 – 100
solicitar credito rapido online	10 – 100
solicitar prestamos rapidos	10 – 100
prestamos individuales	10 – 100
prestamo solidario	10 – 100
solicitar un prestamo urgente	10 – 100
creditos rapidos para pagar a plazos	10 – 100
prestamos en minutos sin papeleos	10 – 100
prestamos personales sin credito	10 – 100
requisitos para prestamos bancarios	10 – 100
donde puedo pedir un prestamo facil y rapido	10 – 100
creditos internet	10 – 100
prestamos minicreditos	10 – 100
como obtener dinero rapido	10 – 100
préstamos personales rápidos	10 – 100
online prestamos	10 – 100
creditos personales sin requisitos	10 – 100
credito consumo	10 – 100
quiero un prestamo personal	10 – 100
pedir creditos rapidos	10 – 100
prestamos en el dia muy urgentes	10 – 100
pedir préstamo	10 – 100
empresas de prestamos rapidos	10 – 100
necesito un prestamo personal	10 – 100
donde pedir un prestamo rapido	10 – 100
paginas de prestamos online	10 – 100
credito en 5 minutos	10 – 100
pedir prestamo rapido y facil	10 – 100
requisitos prestamos personales	10 – 100
préstamos personales en línea	10 – 100
prestamos inmediatos de dinero	10 – 100
conseguir prestamo rapido	10 – 100
dinero prestado rapido	10 – 100
prestamos rapidos urgentes	10 – 100
credito en 10 minutos sin papeleos	10 – 100
microcreditos online rapidos	10 – 100
pedir un préstamo	10 – 100
como conseguir prestamos rapidos	10 – 100
solicitud de prestamos online	10 – 100
solicitud credito online	10 – 100
prestamos rapidisimos	10 – 100
prestamos ya online	10 – 100
financieras creditos rapidos	10 – 100
préstamos on line	10 – 100
prestamos urgentes de dinero	10 – 100
necesito credito urgente	10 – 100
pedir credito rapido online	10 – 100
donde puedo hacer un prestamo	10 – 100
creditos muy urgentes	10 – 100
donde puedo solicitar un prestamo rapido	10 – 100
credito rapido a plazos	10 – 100
prestamos y creditos rapidos	10 – 100
creditos rapidos para todos	10 – 100
donde conseguir prestamos rapidos	10 – 100
pedir credito online rapido	10 – 100
préstamo bancario	10 – 100
presta dinero facil	10 – 100
donde pedir prestamos de dinero	10 – 100
prestamos rapidos nuevos	10 – 100
pedir minicréditos	10 – 100
prestamos urgentes on line	10 – 100
requisitos para prestamos	10 – 100
prestamos rapidos online sin papeles	10 – 100
empresas prestamos rapidos	10 – 100
donde conseguir prestamos personales	10 – 100
mini prestamos online rapidos	10 – 100
prestamos urgentes online sin papeles	10 – 100
nuevos prestamos rapidos	10 – 100
ya creditos personales	10 – 100
prestamos personales bancarios	10 – 100
prestamos faciles online	10 – 100
paginas de creditos rapidos	10 – 100
creditos de dinero rapidos	10 – 100
pedir un credito online	10 – 100
como conseguir prestamos	10 – 100
como puedo obtener un prestamo	10 – 100
el prestamo	10 – 100
donde puedo sacar prestamo rapido	10 – 100
prestamos rapidos y seguros por internet	10 – 100
prestamos urgentes y rapidos	10 – 100
prestamo rapido y urgente	10 – 100
paginas de prestamos rapidos	10 – 100
prestamo online sin papeleo	10 – 100
quiero un prestamo rapido	10 – 100
prestamos personales y rapidos	10 – 100
credito super rapido	10 – 100
creditos urgentes y rapidos	10 – 100
credito dinero rapido	10 – 100
solicitar prestamo online rapido	10 – 100
ver prestamos rapidos	10 – 100
solicitar prestamos personales rapidos	10 – 100
préstamo rápido online	10 – 100
solicitar prestamo personal rapido	10 – 100
prestamos personales por internet 24 horas	10 – 100
prestamos a sola firma	10 – 100
credito rapido en 5 minutos	10 – 100
prestamos personales bancos	10 – 100
creditos rapidos y faciles online	10 – 100
solicitar dinero online	10 – 100
como obtener un credito personal	10 – 100
donde solicitar un prestamo rapido	10 – 100
credito rapido por telefono	10 – 100
prestamos rápidos online el dinero rápido que necesitas esta aquí	10 – 100
dinero online rapido	10 – 100
en donde puedo pedir un prestamo	10 – 100
empresas creditos rapidos	10 – 100
solicitar creditos personales	10 – 100
creditos seguros y rapidos	10 – 100
prestamos privados urgentes	10 – 100
dinero a credito	10 – 100
prestamos inmediatos on line	10 – 100
prestamos personales online baratos	10 – 100
rapido y facil creditos	10 – 100
donde puedo conseguir un prestamo rapido	10 – 100
como puedo conseguir un prestamo rapido	10 – 100
credito personal online rapido	10 – 100
dinero rapido en tu cuenta	10 – 100
créditos rápidos urgentes	10 – 100
necesito prestamo rapido	10 – 100
quiero pedir un prestamo personal	10 – 100
comparativa prestamos	10 – 100
hacer prestamos por internet	10 – 100
rapido prestamos	10 – 100
prestamos personales entre particulares	10 – 100
tu credito rapido	10 – 100
banco prestamos personales	10 – 100
te presto dinero	10 – 100
solicitar un prestamo rapido	10 – 100
mini creditos rapidos online sin papeleos	10 – 100
prestamos en minutos	10 – 100
solicitar prestamo rapido online	10 – 100
como puedo hacer un prestamo	10 – 100
pedir prestamo online rapido	10 – 100
necesito prestamo de dinero urgente	10 – 100
necesito prestamo de dinero	10 – 100
donde pedir un credito rapido	10 – 100
quiero solicitar un prestamo personal	10 – 100
prestamo rapido por internet	10 – 100
prestamos en dinero	10 – 100
prestamos sin cuenta bancaria	10 – 100
prestamos de dinero on line	10 – 100
prestamos personales requisitos	10 – 100
prestamos rapidos es	10 – 100
creditos y prestamos personales rapidos	10 – 100
prestamos de dinero rapido por internet	10 – 100
paginas para pedir prestamos	10 – 100
quiero hacer un prestamo	10 – 100
micro creditos inmediatos online	10 – 100
conseguir credito rapido	10 – 100
necesito préstamo	10 – 100
prestamos personales rapidos sin aval	10 – 100
creditos inmediatos por internet	10 – 100
prestamos online 24 horas	10 – 100
el mejor prestamo	10 – 100
creditos personales sin aval	10 – 100
dinero urgente sin papeleos	10 – 100
creditos pequeños rapidos	10 – 100
como conseguir un credito rapido	10 – 100
prestamos personales bajo interes	10 – 100
ofertas prestamos personales	10 – 100
prestamos en linea en minutos	10 – 100
para solicitar un prestamo rapido	10 – 100
creditos rapidos personales	10 – 100
credito rapido en 15 minutos	10 – 100
prestamos rápido	10 – 100
dinero facil prestamos	10 – 100
credito rapido on line	10 – 100
prestamos rapidos y sencillos	10 – 100
creditos rapidos sin aval	10 – 100
creditos rapidos sin papeleos online	10 – 100
quiero un credito rapido	10 – 100
mini prestamos rapidos online	10 – 100
bupa seguros	10 – 100
prestamo online urgente	10 – 100
paginas de prestamos personales	10 – 100
quiero hacer un prestamo personal	10 – 100
solicito un prestamo urgente	10 – 100
como pedir un prestamo rapido	10 – 100
prestamos creditos rapidos	10 – 100
credito financiero	10 – 100
todos los creditos rapidos	10 – 100
solicitar creditos rapidos	10 – 100
prestamos rapidos en 10 minutos	10 – 100
pedir credito rapido por internet	10 – 100
prestamos en minutos por internet	10 – 100
prestohoy	10 – 100
solicitar prestamos online rapidos	10 – 100
solicitar microcredito online	10 – 100
prestamos rapidos empresas	10 – 100
necesito credito	10 – 100
como consigo un prestamo rapido	10 – 100
como tener dinero rapido	10 – 100
los mejores creditos rapidos	10 – 100
tu prestamo mas rapido	10 – 100
credito urgente rapido	10 – 100
prestamos personales on line urgente	10 – 100
credito ya telefono	10 – 100
prestamos rapidos seguros	10 – 100
prestamos de dinero en linea	0 – 10
prestamos muy	0 – 10
donde puedo sacar un prestamo facil y rapido	0 – 10
